Domain Code,Domain,Area Code,Area,Element Code,Element,Item Code,Item,Year Code,Year,Unit,Value,Flag,Flag Description,Note
"TP","Crops and livestock products","5000","World","5610","Import Quantity","486","Bananas","1961","1961","tonnes","3926173","A","Aggregate, may include official, semi-official, estimated or calculated data",""
"TP","Crops and livestock products","5000","World","5610","Import Quantity","486","Bananas","1962","1962","tonnes","3708481","A","Aggregate, may include official, semi-official, estimated or calculated data",""
"TP","Crops and livestock products","5000","World","5610","Import Quantity","486","Bananas","1963","1963","tonnes","3941869","A","Aggregate, may include official, semi-official, estimated or calculated data",""
"TP","Crops and livestock products","5000","World","5610","Import Quantity","486","Bananas","1964","1964","tonnes","4080361","A","Aggregate, may include official, semi-official, estimated or calculated data",""
"TP","Crops and livestock products","5000","World","5610","Import Quantity","486","Bananas","1965","1965","tonnes","4681252","A","Aggregate, may include official, semi-official, estimated or calculated data",""
"TP","Crops and livestock products","5000","World","5610","Import Quantity","486","Bananas","1966","1966","tonnes","4974700","A","Aggregate, may include official, semi-official, estimated or calculated data",""
"TP","Crops and livestock products","5000","World","5610","Import Quantity","486","Bananas","1967","1967","tonnes","5074092","A","Aggregate, may include official, semi-official, estimated or calculated data",""
"TP","Crops and livestock products","5000","World","5610","Import Quantity","486","Bananas","1968","1968","tonnes","5229278","A","Aggregate, may include official, semi-official, estimated or calculated data",""
"TP","Crops and livestock products","5000","World","5610","Import Quantity","486","Bananas","1969","1969","tonnes","5353107","A","Aggregate, may include official, semi-official, estimated or calculated data",""
"TP","Crops and livestock products","5000","World","5610","Import Quantity","486","Bananas","1970","1970","tonnes","5584387","A","Aggregate, may include official, semi-official, estimated or calculated data",""
"TP","Crops and livestock products","5000","World","5610","Import Quantity","486","Bananas","1971","1971","tonnes","5985933","A","Aggregate, may include official, semi-official, estimated or calculated data",""
"TP","Crops and livestock products","5000","World","5610","Import Quantity","486","Bananas","1972","1972","tonnes","6394045","A","Aggregate, may include official, semi-official, estimated or calculated data",""
"TP","Crops and livestock products","5000","World","5610","Import Quantity","486","Bananas","1973","1973","tonnes","6345198","A","Aggregate, may include official, semi-official, estimated or calculated data",""
"TP","Crops and livestock products","5000","World","5610","Import Quantity","486","Bananas","1974","1974","tonnes","6295350","A","Aggregate, may include official, semi-official, estimated or calculated data",""
"TP","Crops and livestock products","5000","World","5610","Import Quantity","486","Bananas","1975","1975","tonnes","6279299","A","Aggregate, may include official, semi-official, estimated or calculated data",""
"TP","Crops and livestock products","5000","World","5610","Import Quantity","486","Bananas","1976","1976","tonnes","6320480","A","Aggregate, may include official, semi-official, estimated or calculated data",""
"TP","Crops and livestock products","5000","World","5610","Import Quantity","486","Bananas","1977","1977","tonnes","6537030","A","Aggregate, may include official, semi-official, estimated or calculated data",""
"TP","Crops and livestock products","5000","World","5610","Import Quantity","486","Bananas","1978","1978","tonnes","6827926","A","Aggregate, may include official, semi-official, estimated or calculated data",""
"TP","Crops and livestock products","5000","World","5610","Import Quantity","486","Bananas","1979","1979","tonnes","7006368","A","Aggregate, may include official, semi-official, estimated or calculated data",""
"TP","Crops and livestock products","5000","World","5610","Import Quantity","486","Bananas","1980","1980","tonnes","6679729","A","Aggregate, may include official, semi-official, estimated or calculated data",""
"TP","Crops and livestock products","5000","World","5610","Import Quantity","486","Bananas","1981","1981","tonnes","6725816","A","Aggregate, may include official, semi-official, estimated or calculated data",""
"TP","Crops and livestock products","5000","World","5610","Import Quantity","486","Bananas","1982","1982","tonnes","6748144","A","Aggregate, may include official, semi-official, estimated or calculated data",""
"TP","Crops and livestock products","5000","World","5610","Import Quantity","486","Bananas","1983","1983","tonnes","6062228","A","Aggregate, may include official, semi-official, estimated or calculated data",""
"TP","Crops and livestock products","5000","World","5610","Import Quantity","486","Bananas","1984","1984","tonnes","6521927","A","Aggregate, may include official, semi-official, estimated or calculated data",""
"TP","Crops and livestock products","5000","World","5610","Import Quantity","486","Bananas","1985","1985","tonnes","7014577","A","Aggregate, may include official, semi-official, estimated or calculated data",""
"TP","Crops and livestock products","5000","World","5610","Import Quantity","486","Bananas","1986","1986","tonnes","7151577","A","Aggregate, may include official, semi-official, estimated or calculated data",""
"TP","Crops and livestock products","5000","World","5610","Import Quantity","486","Bananas","1987","1987","tonnes","7420317","A","Aggregate, may include official, semi-official, estimated or calculated data",""
"TP","Crops and livestock products","5000","World","5610","Import Quantity","486","Bananas","1988","1988","tonnes","7517502","A","Aggregate, may include official, semi-official, estimated or calculated data",""
"TP","Crops and livestock products","5000","World","5610","Import Quantity","486","Bananas","1989","1989","tonnes","8103230","A","Aggregate, may include official, semi-official, estimated or calculated data",""
"TP","Crops and livestock products","5000","World","5610","Import Quantity","486","Bananas","1990","1990","tonnes","8881450","A","Aggregate, may include official, semi-official, estimated or calculated data",""
"TP","Crops and livestock products","5000","World","5610","Import Quantity","486","Bananas","1991","1991","tonnes","9997080","A","Aggregate, may include official, semi-official, estimated or calculated data",""
"TP","Crops and livestock products","5000","World","5610","Import Quantity","486","Bananas","1992","1992","tonnes","10667659","A","Aggregate, may include official, semi-official, estimated or calculated data",""
"TP","Crops and livestock products","5000","World","5610","Import Quantity","486","Bananas","1993","1993","tonnes","11179112","A","Aggregate, may include official, semi-official, estimated or calculated data",""
"TP","Crops and livestock products","5000","World","5610","Import Quantity","486","Bananas","1994","1994","tonnes","12383859","A","Aggregate, may include official, semi-official, estimated or calculated data",""
"TP","Crops and livestock products","5000","World","5610","Import Quantity","486","Bananas","1995","1995","tonnes","12878716","A","Aggregate, may include official, semi-official, estimated or calculated data",""
"TP","Crops and livestock products","5000","World","5610","Import Quantity","486","Bananas","1996","1996","tonnes","13596262","A","Aggregate, may include official, semi-official, estimated or calculated data",""
"TP","Crops and livestock products","5000","World","5610","Import Quantity","486","Bananas","1997","1997","tonnes","13565861","A","Aggregate, may include official, semi-official, estimated or calculated data",""
"TP","Crops and livestock products","5000","World","5610","Import Quantity","486","Bananas","1998","1998","tonnes","13268386","A","Aggregate, may include official, semi-official, estimated or calculated data",""
"TP","Crops and livestock products","5000","World","5610","Import Quantity","486","Bananas","1999","1999","tonnes","14041180","A","Aggregate, may include official, semi-official, estimated or calculated data",""
"TP","Crops and livestock products","5000","World","5610","Import Quantity","486","Bananas","2000","2000","tonnes","14435901","A","Aggregate, may include official, semi-official, estimated or calculated data",""
"TP","Crops and livestock products","5000","World","5610","Import Quantity","486","Bananas","2001","2001","tonnes","13640754","A","Aggregate, may include official, semi-official, estimated or calculated data",""
"TP","Crops and livestock products","5000","World","5610","Import Quantity","486","Bananas","2002","2002","tonnes","13901526","A","Aggregate, may include official, semi-official, estimated or calculated data",""
"TP","Crops and livestock products","5000","World","5610","Import Quantity","486","Bananas","2003","2003","tonnes","14699912","A","Aggregate, may include official, semi-official, estimated or calculated data",""
"TP","Crops and livestock products","5000","World","5610","Import Quantity","486","Bananas","2004","2004","tonnes","15089589","A","Aggregate, may include official, semi-official, estimated or calculated data",""
"TP","Crops and livestock products","5000","World","5610","Import Quantity","486","Bananas","2005","2005","tonnes","15425998","A","Aggregate, may include official, semi-official, estimated or calculated data",""
"TP","Crops and livestock products","5000","World","5610","Import Quantity","486","Bananas","2006","2006","tonnes","16413192","A","Aggregate, may include official, semi-official, estimated or calculated data",""
"TP","Crops and livestock products","5000","World","5610","Import Quantity","486","Bananas","2007","2007","tonnes","17223596","A","Aggregate, may include official, semi-official, estimated or calculated data",""
"TP","Crops and livestock products","5000","World","5610","Import Quantity","486","Bananas","2008","2008","tonnes","17618104","A","Aggregate, may include official, semi-official, estimated or calculated data",""
"TP","Crops and livestock products","5000","World","5610","Import Quantity","486","Bananas","2009","2009","tonnes","17234619","A","Aggregate, may include official, semi-official, estimated or calculated data",""
"TP","Crops and livestock products","5000","World","5610","Import Quantity","486","Bananas","2010","2010","tonnes","17933961","A","Aggregate, may include official, semi-official, estimated or calculated data",""
"TP","Crops and livestock products","5000","World","5610","Import Quantity","486","Bananas","2011","2011","tonnes","18720741","A","Aggregate, may include official, semi-official, estimated or calculated data",""
"TP","Crops and livestock products","5000","World","5610","Import Quantity","486","Bananas","2012","2012","tonnes","18313664","A","Aggregate, may include official, semi-official, estimated or calculated data",""
"TP","Crops and livestock products","5000","World","5610","Import Quantity","486","Bananas","2013","2013","tonnes","19664242","A","Aggregate, may include official, semi-official, estimated or calculated data",""
"TP","Crops and livestock products","5000","World","5610","Import Quantity","486","Bananas","2014","2014","tonnes","20067268","A","Aggregate, may include official, semi-official, estimated or calculated data",""
"TP","Crops and livestock products","5000","World","5610","Import Quantity","486","Bananas","2015","2015","tonnes","20379221","A","Aggregate, may include official, semi-official, estimated or calculated data",""
"TP","Crops and livestock products","5000","World","5610","Import Quantity","486","Bananas","2016","2016","tonnes","20306427","A","Aggregate, may include official, semi-official, estimated or calculated data",""
"TP","Crops and livestock products","5000","World","5610","Import Quantity","486","Bananas","2017","2017","tonnes","22163735","A","Aggregate, may include official, semi-official, estimated or calculated data",""
"TP","Crops and livestock products","5000","World","5610","Import Quantity","661","Cocoa, beans","1961","1961","tonnes","1023190","A","Aggregate, may include official, semi-official, estimated or calculated data",""
"TP","Crops and livestock products","5000","World","5610","Import Quantity","661","Cocoa, beans","1962","1962","tonnes","1072356","A","Aggregate, may include official, semi-official, estimated or calculated data",""
"TP","Crops and livestock products","5000","World","5610","Import Quantity","661","Cocoa, beans","1963","1963","tonnes","1058085","A","Aggregate, may include official, semi-official, estimated or calculated data",""
"TP","Crops and livestock products","5000","World","5610","Import Quantity","661","Cocoa, beans","1964","1964","tonnes","1047531","A","Aggregate, may include official, semi-official, estimated or calculated data",""
"TP","Crops and livestock products","5000","World","5610","Import Quantity","661","Cocoa, beans","1965","1965","tonnes","1237742","A","Aggregate, may include official, semi-official, estimated or calculated data",""
"TP","Crops and livestock products","5000","World","5610","Import Quantity","661","Cocoa, beans","1966","1966","tonnes","1244753","A","Aggregate, may include official, semi-official, estimated or calculated data",""
"TP","Crops and livestock products","5000","World","5610","Import Quantity","661","Cocoa, beans","1967","1967","tonnes","1103884","A","Aggregate, may include official, semi-official, estimated or calculated data",""
"TP","Crops and livestock products","5000","World","5610","Import Quantity","661","Cocoa, beans","1968","1968","tonnes","1107444","A","Aggregate, may include official, semi-official, estimated or calculated data",""
"TP","Crops and livestock products","5000","World","5610","Import Quantity","661","Cocoa, beans","1969","1969","tonnes","1044623","A","Aggregate, may include official, semi-official, estimated or calculated data",""
"TP","Crops and livestock products","5000","World","5610","Import Quantity","661","Cocoa, beans","1970","1970","tonnes","1118755","A","Aggregate, may include official, semi-official, estimated or calculated data",""
"TP","Crops and livestock products","5000","World","5610","Import Quantity","661","Cocoa, beans","1971","1971","tonnes","1238735","A","Aggregate, may include official, semi-official, estimated or calculated data",""
"TP","Crops and livestock products","5000","World","5610","Import Quantity","661","Cocoa, beans","1972","1972","tonnes","1261851","A","Aggregate, may include official, semi-official, estimated or calculated data",""
"TP","Crops and livestock products","5000","World","5610","Import Quantity","661","Cocoa, beans","1973","1973","tonnes","1206525","A","Aggregate, may include official, semi-official, estimated or calculated data",""
"TP","Crops and livestock products","5000","World","5610","Import Quantity","661","Cocoa, beans","1974","1974","tonnes","1158434","A","Aggregate, may include official, semi-official, estimated or calculated data",""
"TP","Crops and livestock products","5000","World","5610","Import Quantity","661","Cocoa, beans","1975","1975","tonnes","1193800","A","Aggregate, may include official, semi-official, estimated or calculated data",""
"TP","Crops and livestock products","5000","World","5610","Import Quantity","661","Cocoa, beans","1976","1976","tonnes","1161115","A","Aggregate, may include official, semi-official, estimated or calculated data",""
"TP","Crops and livestock products","5000","World","5610","Import Quantity","661","Cocoa, beans","1977","1977","tonnes","1007248","A","Aggregate, may include official, semi-official, estimated or calculated data",""
"TP","Crops and livestock products","5000","World","5610","Import Quantity","661","Cocoa, beans","1978","1978","tonnes","1104426","A","Aggregate, may include official, semi-official, estimated or calculated data",""
"TP","Crops and livestock products","5000","World","5610","Import Quantity","661","Cocoa, beans","1979","1979","tonnes","1030757","A","Aggregate, may include official, semi-official, estimated or calculated data",""
"TP","Crops and livestock products","5000","World","5610","Import Quantity","661","Cocoa, beans","1980","1980","tonnes","1070071","A","Aggregate, may include official, semi-official, estimated or calculated data",""
"TP","Crops and livestock products","5000","World","5610","Import Quantity","661","Cocoa, beans","1981","1981","tonnes","1242256","A","Aggregate, may include official, semi-official, estimated or calculated data",""
"TP","Crops and livestock products","5000","World","5610","Import Quantity","661","Cocoa, beans","1982","1982","tonnes","1270521","A","Aggregate, may include official, semi-official, estimated or calculated data",""
"TP","Crops and livestock products","5000","World","5610","Import Quantity","661","Cocoa, beans","1983","1983","tonnes","1261540","A","Aggregate, may include official, semi-official, estimated or calculated data",""
"TP","Crops and livestock products","5000","World","5610","Import Quantity","661","Cocoa, beans","1984","1984","tonnes","1338911","A","Aggregate, may include official, semi-official, estimated or calculated data",""
"TP","Crops and livestock products","5000","World","5610","Import Quantity","661","Cocoa, beans","1985","1985","tonnes","1480445","A","Aggregate, may include official, semi-official, estimated or calculated data",""
"TP","Crops and livestock products","5000","World","5610","Import Quantity","661","Cocoa, beans","1986","1986","tonnes","1412795","A","Aggregate, may include official, semi-official, estimated or calculated data",""
"TP","Crops and livestock products","5000","World","5610","Import Quantity","661","Cocoa, beans","1987","1987","tonnes","1476469","A","Aggregate, may include official, semi-official, estimated or calculated data",""
"TP","Crops and livestock products","5000","World","5610","Import Quantity","661","Cocoa, beans","1988","1988","tonnes","1544370","A","Aggregate, may include official, semi-official, estimated or calculated data",""
"TP","Crops and livestock products","5000","World","5610","Import Quantity","661","Cocoa, beans","1989","1989","tonnes","1659994","A","Aggregate, may include official, semi-official, estimated or calculated data",""
"TP","Crops and livestock products","5000","World","5610","Import Quantity","661","Cocoa, beans","1990","1990","tonnes","1766240","A","Aggregate, may include official, semi-official, estimated or calculated data",""
"TP","Crops and livestock products","5000","World","5610","Import Quantity","661","Cocoa, beans","1991","1991","tonnes","1883409","A","Aggregate, may include official, semi-official, estimated or calculated data",""
"TP","Crops and livestock products","5000","World","5610","Import Quantity","661","Cocoa, beans","1992","1992","tonnes","1871110","A","Aggregate, may include official, semi-official, estimated or calculated data",""
"TP","Crops and livestock products","5000","World","5610","Import Quantity","661","Cocoa, beans","1993","1993","tonnes","1851330","A","Aggregate, may include official, semi-official, estimated or calculated data",""
"TP","Crops and livestock products","5000","World","5610","Import Quantity","661","Cocoa, beans","1994","1994","tonnes","1881068","A","Aggregate, may include official, semi-official, estimated or calculated data",""
"TP","Crops and livestock products","5000","World","5610","Import Quantity","661","Cocoa, beans","1995","1995","tonnes","1919079","A","Aggregate, may include official, semi-official, estimated or calculated data",""
"TP","Crops and livestock products","5000","World","5610","Import Quantity","661","Cocoa, beans","1996","1996","tonnes","2143960","A","Aggregate, may include official, semi-official, estimated or calculated data",""
"TP","Crops and livestock products","5000","World","5610","Import Quantity","661","Cocoa, beans","1997","1997","tonnes","1972727","A","Aggregate, may include official, semi-official, estimated or calculated data",""
"TP","Crops and livestock products","5000","World","5610","Import Quantity","661","Cocoa, beans","1998","1998","tonnes","2122196","A","Aggregate, may include official, semi-official, estimated or calculated data",""
"TP","Crops and livestock products","5000","World","5610","Import Quantity","661","Cocoa, beans","1999","1999","tonnes","2356142","A","Aggregate, may include official, semi-official, estimated or calculated data",""
"TP","Crops and livestock products","5000","World","5610","Import Quantity","661","Cocoa, beans","2000","2000","tonnes","2455381","A","Aggregate, may include official, semi-official, estimated or calculated data",""
"TP","Crops and livestock products","5000","World","5610","Import Quantity","661","Cocoa, beans","2001","2001","tonnes","2464735","A","Aggregate, may include official, semi-official, estimated or calculated data",""
"TP","Crops and livestock products","5000","World","5610","Import Quantity","661","Cocoa, beans","2002","2002","tonnes","2255916","A","Aggregate, may include official, semi-official, estimated or calculated data",""
"TP","Crops and livestock products","5000","World","5610","Import Quantity","661","Cocoa, beans","2003","2003","tonnes","2694249","A","Aggregate, may include official, semi-official, estimated or calculated data",""
"TP","Crops and livestock products","5000","World","5610","Import Quantity","661","Cocoa, beans","2004","2004","tonnes","2794726","A","Aggregate, may include official, semi-official, estimated or calculated data",""
"TP","Crops and livestock products","5000","World","5610","Import Quantity","661","Cocoa, beans","2005","2005","tonnes","3116625","A","Aggregate, may include official, semi-official, estimated or calculated data",""
"TP","Crops and livestock products","5000","World","5610","Import Quantity","661","Cocoa, beans","2006","2006","tonnes","3161617","A","Aggregate, may include official, semi-official, estimated or calculated data",""
"TP","Crops and livestock products","5000","World","5610","Import Quantity","661","Cocoa, beans","2007","2007","tonnes","3191461","A","Aggregate, may include official, semi-official, estimated or calculated data",""
"TP","Crops and livestock products","5000","World","5610","Import Quantity","661","Cocoa, beans","2008","2008","tonnes","3084291","A","Aggregate, may include official, semi-official, estimated or calculated data",""
"TP","Crops and livestock products","5000","World","5610","Import Quantity","661","Cocoa, beans","2009","2009","tonnes","3103015","A","Aggregate, may include official, semi-official, estimated or calculated data",""
"TP","Crops and livestock products","5000","World","5610","Import Quantity","661","Cocoa, beans","2010","2010","tonnes","2962919","A","Aggregate, may include official, semi-official, estimated or calculated data",""
"TP","Crops and livestock products","5000","World","5610","Import Quantity","661","Cocoa, beans","2011","2011","tonnes","3354331","A","Aggregate, may include official, semi-official, estimated or calculated data",""
"TP","Crops and livestock products","5000","World","5610","Import Quantity","661","Cocoa, beans","2012","2012","tonnes","3130556","A","Aggregate, may include official, semi-official, estimated or calculated data",""
"TP","Crops and livestock products","5000","World","5610","Import Quantity","661","Cocoa, beans","2013","2013","tonnes","2943227","A","Aggregate, may include official, semi-official, estimated or calculated data",""
"TP","Crops and livestock products","5000","World","5610","Import Quantity","661","Cocoa, beans","2014","2014","tonnes","3130059","A","Aggregate, may include official, semi-official, estimated or calculated data",""
"TP","Crops and livestock products","5000","World","5610","Import Quantity","661","Cocoa, beans","2015","2015","tonnes","2741278","A","Aggregate, may include official, semi-official, estimated or calculated data",""
"TP","Crops and livestock products","5000","World","5610","Import Quantity","661","Cocoa, beans","2016","2016","tonnes","3348737","A","Aggregate, may include official, semi-official, estimated or calculated data",""
"TP","Crops and livestock products","5000","World","5610","Import Quantity","661","Cocoa, beans","2017","2017","tonnes","3928098","A","Aggregate, may include official, semi-official, estimated or calculated data",""
"TP","Crops and livestock products","5000","World","5610","Import Quantity","656","Coffee, green","1961","1961","tonnes","2724515","A","Aggregate, may include official, semi-official, estimated or calculated data",""
"TP","Crops and livestock products","5000","World","5610","Import Quantity","656","Coffee, green","1962","1962","tonnes","2918482","A","Aggregate, may include official, semi-official, estimated or calculated data",""
"TP","Crops and livestock products","5000","World","5610","Import Quantity","656","Coffee, green","1963","1963","tonnes","2979633","A","Aggregate, may include official, semi-official, estimated or calculated data",""
"TP","Crops and livestock products","5000","World","5610","Import Quantity","656","Coffee, green","1964","1964","tonnes","2947305","A","Aggregate, may include official, semi-official, estimated or calculated data",""
"TP","Crops and livestock products","5000","World","5610","Import Quantity","656","Coffee, green","1965","1965","tonnes","2854009","A","Aggregate, may include official, semi-official, estimated or calculated data",""
"TP","Crops and livestock products","5000","World","5610","Import Quantity","656","Coffee, green","1966","1966","tonnes","3030865","A","Aggregate, may include official, semi-official, estimated or calculated data",""
"TP","Crops and livestock products","5000","World","5610","Import Quantity","656","Coffee, green","1967","1967","tonnes","3004154","A","Aggregate, may include official, semi-official, estimated or calculated data",""
"TP","Crops and livestock products","5000","World","5610","Import Quantity","656","Coffee, green","1968","1968","tonnes","3399181","A","Aggregate, may include official, semi-official, estimated or calculated data",""
"TP","Crops and livestock products","5000","World","5610","Import Quantity","656","Coffee, green","1969","1969","tonnes","3240744","A","Aggregate, may include official, semi-official, estimated or calculated data",""
"TP","Crops and livestock products","5000","World","5610","Import Quantity","656","Coffee, green","1970","1970","tonnes","3247351","A","Aggregate, may include official, semi-official, estimated or calculated data",""
"TP","Crops and livestock products","5000","World","5610","Import Quantity","656","Coffee, green","1971","1971","tonnes","3346233","A","Aggregate, may include official, semi-official, estimated or calculated data",""
"TP","Crops and livestock products","5000","World","5610","Import Quantity","656","Coffee, green","1972","1972","tonnes","3438172","A","Aggregate, may include official, semi-official, estimated or calculated data",""
"TP","Crops and livestock products","5000","World","5610","Import Quantity","656","Coffee, green","1973","1973","tonnes","3611400","A","Aggregate, may include official, semi-official, estimated or calculated data",""
"TP","Crops and livestock products","5000","World","5610","Import Quantity","656","Coffee, green","1974","1974","tonnes","3424568","A","Aggregate, may include official, semi-official, estimated or calculated data",""
"TP","Crops and livestock products","5000","World","5610","Import Quantity","656","Coffee, green","1975","1975","tonnes","3622727","A","Aggregate, may include official, semi-official, estimated or calculated data",""
"TP","Crops and livestock products","5000","World","5610","Import Quantity","656","Coffee, green","1976","1976","tonnes","3713857","A","Aggregate, may include official, semi-official, estimated or calculated data",""
"TP","Crops and livestock products","5000","World","5610","Import Quantity","656","Coffee, green","1977","1977","tonnes","3058553","A","Aggregate, may include official, semi-official, estimated or calculated data",""
"TP","Crops and livestock products","5000","World","5610","Import Quantity","656","Coffee, green","1978","1978","tonnes","3366260","A","Aggregate, may include official, semi-official, estimated or calculated data",""
"TP","Crops and livestock products","5000","World","5610","Import Quantity","656","Coffee, green","1979","1979","tonnes","3821887","A","Aggregate, may include official, semi-official, estimated or calculated data",""
"TP","Crops and livestock products","5000","World","5610","Import Quantity","656","Coffee, green","1980","1980","tonnes","3712880","A","Aggregate, may include official, semi-official, estimated or calculated data",""
"TP","Crops and livestock products","5000","World","5610","Import Quantity","656","Coffee, green","1981","1981","tonnes","3733043","A","Aggregate, may include official, semi-official, estimated or calculated data",""
"TP","Crops and livestock products","5000","World","5610","Import Quantity","656","Coffee, green","1982","1982","tonnes","3796135","A","Aggregate, may include official, semi-official, estimated or calculated data",""
"TP","Crops and livestock products","5000","World","5610","Import Quantity","656","Coffee, green","1983","1983","tonnes","3892872","A","Aggregate, may include official, semi-official, estimated or calculated data",""
"TP","Crops and livestock products","5000","World","5610","Import Quantity","656","Coffee, green","1984","1984","tonnes","3939093","A","Aggregate, may include official, semi-official, estimated or calculated data",""
"TP","Crops and livestock products","5000","World","5610","Import Quantity","656","Coffee, green","1985","1985","tonnes","4083036","A","Aggregate, may include official, semi-official, estimated or calculated data",""
"TP","Crops and livestock products","5000","World","5610","Import Quantity","656","Coffee, green","1986","1986","tonnes","4106012","A","Aggregate, may include official, semi-official, estimated or calculated data",""
"TP","Crops and livestock products","5000","World","5610","Import Quantity","656","Coffee, green","1987","1987","tonnes","4426946","A","Aggregate, may include official, semi-official, estimated or calculated data",""
"TP","Crops and livestock products","5000","World","5610","Import Quantity","656","Coffee, green","1988","1988","tonnes","4119112","A","Aggregate, may include official, semi-official, estimated or calculated data",""
"TP","Crops and livestock products","5000","World","5610","Import Quantity","656","Coffee, green","1989","1989","tonnes","4533620","A","Aggregate, may include official, semi-official, estimated or calculated data",""
"TP","Crops and livestock products","5000","World","5610","Import Quantity","656","Coffee, green","1990","1990","tonnes","4729942","A","Aggregate, may include official, semi-official, estimated or calculated data",""
"TP","Crops and livestock products","5000","World","5610","Import Quantity","656","Coffee, green","1991","1991","tonnes","4640942","A","Aggregate, may include official, semi-official, estimated or calculated data",""
"TP","Crops and livestock products","5000","World","5610","Import Quantity","656","Coffee, green","1992","1992","tonnes","4885846","A","Aggregate, may include official, semi-official, estimated or calculated data",""
"TP","Crops and livestock products","5000","World","5610","Import Quantity","656","Coffee, green","1993","1993","tonnes","4688635","A","Aggregate, may include official, semi-official, estimated or calculated data",""
"TP","Crops and livestock products","5000","World","5610","Import Quantity","656","Coffee, green","1994","1994","tonnes","4549717","A","Aggregate, may include official, semi-official, estimated or calculated data",""
"TP","Crops and livestock products","5000","World","5610","Import Quantity","656","Coffee, green","1995","1995","tonnes","4324888","A","Aggregate, may include official, semi-official, estimated or calculated data",""
"TP","Crops and livestock products","5000","World","5610","Import Quantity","656","Coffee, green","1996","1996","tonnes","4720428","A","Aggregate, may include official, semi-official, estimated or calculated data",""
"TP","Crops and livestock products","5000","World","5610","Import Quantity","656","Coffee, green","1997","1997","tonnes","4861082","A","Aggregate, may include official, semi-official, estimated or calculated data",""
"TP","Crops and livestock products","5000","World","5610","Import Quantity","656","Coffee, green","1998","1998","tonnes","4860733","A","Aggregate, may include official, semi-official, estimated or calculated data",""
"TP","Crops and livestock products","5000","World","5610","Import Quantity","656","Coffee, green","1999","1999","tonnes","5048088","A","Aggregate, may include official, semi-official, estimated or calculated data",""
"TP","Crops and livestock products","5000","World","5610","Import Quantity","656","Coffee, green","2000","2000","tonnes","5204204","A","Aggregate, may include official, semi-official, estimated or calculated data",""
"TP","Crops and livestock products","5000","World","5610","Import Quantity","656","Coffee, green","2001","2001","tonnes","5132796","A","Aggregate, may include official, semi-official, estimated or calculated data",""
"TP","Crops and livestock products","5000","World","5610","Import Quantity","656","Coffee, green","2002","2002","tonnes","5245649","A","Aggregate, may include official, semi-official, estimated or calculated data",""
"TP","Crops and livestock products","5000","World","5610","Import Quantity","656","Coffee, green","2003","2003","tonnes","5237577","A","Aggregate, may include official, semi-official, estimated or calculated data",""
"TP","Crops and livestock products","5000","World","5610","Import Quantity","656","Coffee, green","2004","2004","tonnes","5525119","A","Aggregate, may include official, semi-official, estimated or calculated data",""
"TP","Crops and livestock products","5000","World","5610","Import Quantity","656","Coffee, green","2005","2005","tonnes","5470103","A","Aggregate, may include official, semi-official, estimated or calculated data",""
"TP","Crops and livestock products","5000","World","5610","Import Quantity","656","Coffee, green","2006","2006","tonnes","5740133","A","Aggregate, may include official, semi-official, estimated or calculated data",""
"TP","Crops and livestock products","5000","World","5610","Import Quantity","656","Coffee, green","2007","2007","tonnes","5894170","A","Aggregate, may include official, semi-official, estimated or calculated data",""
"TP","Crops and livestock products","5000","World","5610","Import Quantity","656","Coffee, green","2008","2008","tonnes","6037767","A","Aggregate, may include official, semi-official, estimated or calculated data",""
"TP","Crops and livestock products","5000","World","5610","Import Quantity","656","Coffee, green","2009","2009","tonnes","6036065","A","Aggregate, may include official, semi-official, estimated or calculated data",""
"TP","Crops and livestock products","5000","World","5610","Import Quantity","656","Coffee, green","2010","2010","tonnes","6253834","A","Aggregate, may include official, semi-official, estimated or calculated data",""
"TP","Crops and livestock products","5000","World","5610","Import Quantity","656","Coffee, green","2011","2011","tonnes","6449285","A","Aggregate, may include official, semi-official, estimated or calculated data",""
"TP","Crops and livestock products","5000","World","5610","Import Quantity","656","Coffee, green","2012","2012","tonnes","6602479","A","Aggregate, may include official, semi-official, estimated or calculated data",""
"TP","Crops and livestock products","5000","World","5610","Import Quantity","656","Coffee, green","2013","2013","tonnes","6671477","A","Aggregate, may include official, semi-official, estimated or calculated data",""
"TP","Crops and livestock products","5000","World","5610","Import Quantity","656","Coffee, green","2014","2014","tonnes","6759637","A","Aggregate, may include official, semi-official, estimated or calculated data",""
"TP","Crops and livestock products","5000","World","5610","Import Quantity","656","Coffee, green","2015","2015","tonnes","6952787","A","Aggregate, may include official, semi-official, estimated or calculated data",""
"TP","Crops and livestock products","5000","World","5610","Import Quantity","656","Coffee, green","2016","2016","tonnes","7251962","A","Aggregate, may include official, semi-official, estimated or calculated data",""
"TP","Crops and livestock products","5000","World","5610","Import Quantity","656","Coffee, green","2017","2017","tonnes","7185304","A","Aggregate, may include official, semi-official, estimated or calculated data",""
"TP","Crops and livestock products","5000","World","5610","Import Quantity","767","Cotton lint","1961","1961","tonnes","3861942","A","Aggregate, may include official, semi-official, estimated or calculated data",""
"TP","Crops and livestock products","5000","World","5610","Import Quantity","767","Cotton lint","1962","1962","tonnes","3511110","A","Aggregate, may include official, semi-official, estimated or calculated data",""
"TP","Crops and livestock products","5000","World","5610","Import Quantity","767","Cotton lint","1963","1963","tonnes","3692526","A","Aggregate, may include official, semi-official, estimated or calculated data",""
"TP","Crops and livestock products","5000","World","5610","Import Quantity","767","Cotton lint","1964","1964","tonnes","3872005","A","Aggregate, may include official, semi-official, estimated or calculated data",""
"TP","Crops and livestock products","5000","World","5610","Import Quantity","767","Cotton lint","1965","1965","tonnes","3847434","A","Aggregate, may include official, semi-official, estimated or calculated data",""
"TP","Crops and livestock products","5000","World","5610","Import Quantity","767","Cotton lint","1966","1966","tonnes","3942865","A","Aggregate, may include official, semi-official, estimated or calculated data",""
"TP","Crops and livestock products","5000","World","5610","Import Quantity","767","Cotton lint","1967","1967","tonnes","3914729","A","Aggregate, may include official, semi-official, estimated or calculated data",""
"TP","Crops and livestock products","5000","World","5610","Import Quantity","767","Cotton lint","1968","1968","tonnes","3995078","A","Aggregate, may include official, semi-official, estimated or calculated data",""
"TP","Crops and livestock products","5000","World","5610","Import Quantity","767","Cotton lint","1969","1969","tonnes","3737266","A","Aggregate, may include official, semi-official, estimated or calculated data",""
"TP","Crops and livestock products","5000","World","5610","Import Quantity","767","Cotton lint","1970","1970","tonnes","4042328","A","Aggregate, may include official, semi-official, estimated or calculated data",""
"TP","Crops and livestock products","5000","World","5610","Import Quantity","767","Cotton lint","1971","1971","tonnes","3992798","A","Aggregate, may include official, semi-official, estimated or calculated data",""
"TP","Crops and livestock products","5000","World","5610","Import Quantity","767","Cotton lint","1972","1972","tonnes","4004127","A","Aggregate, may include official, semi-official, estimated or calculated data",""
"TP","Crops and livestock products","5000","World","5610","Import Quantity","767","Cotton lint","1973","1973","tonnes","4772174","A","Aggregate, may include official, semi-official, estimated or calculated data",""
"TP","Crops and livestock products","5000","World","5610","Import Quantity","767","Cotton lint","1974","1974","tonnes","4091479","A","Aggregate, may include official, semi-official, estimated or calculated data",""
"TP","Crops and livestock products","5000","World","5610","Import Quantity","767","Cotton lint","1975","1975","tonnes","4082969","A","Aggregate, may include official, semi-official, estimated or calculated data",""
"TP","Crops and livestock products","5000","World","5610","Import Quantity","767","Cotton lint","1976","1976","tonnes","4126349","A","Aggregate, may include official, semi-official, estimated or calculated data",""
"TP","Crops and livestock products","5000","World","5610","Import Quantity","767","Cotton lint","1977","1977","tonnes","4037397","A","Aggregate, may include official, semi-official, estimated or calculated data",""
"TP","Crops and livestock products","5000","World","5610","Import Quantity","767","Cotton lint","1978","1978","tonnes","4503093","A","Aggregate, may include official, semi-official, estimated or calculated data",""
"TP","Crops and livestock products","5000","World","5610","Import Quantity","767","Cotton lint","1979","1979","tonnes","4521189","A","Aggregate, may include official, semi-official, estimated or calculated data",""
"TP","Crops and livestock products","5000","World","5610","Import Quantity","767","Cotton lint","1980","1980","tonnes","5078114","A","Aggregate, may include official, semi-official, estimated or calculated data",""
"TP","Crops and livestock products","5000","World","5610","Import Quantity","767","Cotton lint","1981","1981","tonnes","4421045","A","Aggregate, may include official, semi-official, estimated or calculated data",""
"TP","Crops and livestock products","5000","World","5610","Import Quantity","767","Cotton lint","1982","1982","tonnes","4502708","A","Aggregate, may include official, semi-official, estimated or calculated data",""
"TP","Crops and livestock products","5000","World","5610","Import Quantity","767","Cotton lint","1983","1983","tonnes","4357734","A","Aggregate, may include official, semi-official, estimated or calculated data",""
"TP","Crops and livestock products","5000","World","5610","Import Quantity","767","Cotton lint","1984","1984","tonnes","4497681","A","Aggregate, may include official, semi-official, estimated or calculated data",""
"TP","Crops and livestock products","5000","World","5610","Import Quantity","767","Cotton lint","1985","1985","tonnes","4596957","A","Aggregate, may include official, semi-official, estimated or calculated data",""
"TP","Crops and livestock products","5000","World","5610","Import Quantity","767","Cotton lint","1986","1986","tonnes","4833422","A","Aggregate, may include official, semi-official, estimated or calculated data",""
"TP","Crops and livestock products","5000","World","5610","Import Quantity","767","Cotton lint","1987","1987","tonnes","5607456","A","Aggregate, may include official, semi-official, estimated or calculated data",""
"TP","Crops and livestock products","5000","World","5610","Import Quantity","767","Cotton lint","1988","1988","tonnes","5013890","A","Aggregate, may include official, semi-official, estimated or calculated data",""
"TP","Crops and livestock products","5000","World","5610","Import Quantity","767","Cotton lint","1989","1989","tonnes","5815362","A","Aggregate, may include official, semi-official, estimated or calculated data",""
"TP","Crops and livestock products","5000","World","5610","Import Quantity","767","Cotton lint","1990","1990","tonnes","5098727","A","Aggregate, may include official, semi-official, estimated or calculated data",""
"TP","Crops and livestock products","5000","World","5610","Import Quantity","767","Cotton lint","1991","1991","tonnes","4877596","A","Aggregate, may include official, semi-official, estimated or calculated data",""
"TP","Crops and livestock products","5000","World","5610","Import Quantity","767","Cotton lint","1992","1992","tonnes","5703064","A","Aggregate, may include official, semi-official, estimated or calculated data",""
"TP","Crops and livestock products","5000","World","5610","Import Quantity","767","Cotton lint","1993","1993","tonnes","5526445","A","Aggregate, may include official, semi-official, estimated or calculated data",""
"TP","Crops and livestock products","5000","World","5610","Import Quantity","767","Cotton lint","1994","1994","tonnes","5944948","A","Aggregate, may include official, semi-official, estimated or calculated data",""
"TP","Crops and livestock products","5000","World","5610","Import Quantity","767","Cotton lint","1995","1995","tonnes","5914207","A","Aggregate, may include official, semi-official, estimated or calculated data",""
"TP","Crops and livestock products","5000","World","5610","Import Quantity","767","Cotton lint","1996","1996","tonnes","5951743","A","Aggregate, may include official, semi-official, estimated or calculated data",""
"TP","Crops and livestock products","5000","World","5610","Import Quantity","767","Cotton lint","1997","1997","tonnes","6063424","A","Aggregate, may include official, semi-official, estimated or calculated data",""
"TP","Crops and livestock products","5000","World","5610","Import Quantity","767","Cotton lint","1998","1998","tonnes","5508528","A","Aggregate, may include official, semi-official, estimated or calculated data",""
"TP","Crops and livestock products","5000","World","5610","Import Quantity","767","Cotton lint","1999","1999","tonnes","5225555","A","Aggregate, may include official, semi-official, estimated or calculated data",""
"TP","Crops and livestock products","5000","World","5610","Import Quantity","767","Cotton lint","2000","2000","tonnes","5937734","A","Aggregate, may include official, semi-official, estimated or calculated data",""
"TP","Crops and livestock products","5000","World","5610","Import Quantity","767","Cotton lint","2001","2001","tonnes","5904106","A","Aggregate, may include official, semi-official, estimated or calculated data",""
"TP","Crops and livestock products","5000","World","5610","Import Quantity","767","Cotton lint","2002","2002","tonnes","5634946","A","Aggregate, may include official, semi-official, estimated or calculated data",""
"TP","Crops and livestock products","5000","World","5610","Import Quantity","767","Cotton lint","2003","2003","tonnes","6177031","A","Aggregate, may include official, semi-official, estimated or calculated data",""
"TP","Crops and livestock products","5000","World","5610","Import Quantity","767","Cotton lint","2004","2004","tonnes","7038563","A","Aggregate, may include official, semi-official, estimated or calculated data",""
"TP","Crops and livestock products","5000","World","5610","Import Quantity","767","Cotton lint","2005","2005","tonnes","8293813","A","Aggregate, may include official, semi-official, estimated or calculated data",""
"TP","Crops and livestock products","5000","World","5610","Import Quantity","767","Cotton lint","2006","2006","tonnes","9070459","A","Aggregate, may include official, semi-official, estimated or calculated data",""
"TP","Crops and livestock products","5000","World","5610","Import Quantity","767","Cotton lint","2007","2007","tonnes","8450110","A","Aggregate, may include official, semi-official, estimated or calculated data",""
"TP","Crops and livestock products","5000","World","5610","Import Quantity","767","Cotton lint","2008","2008","tonnes","7577823","A","Aggregate, may include official, semi-official, estimated or calculated data",""
"TP","Crops and livestock products","5000","World","5610","Import Quantity","767","Cotton lint","2009","2009","tonnes","6096322","A","Aggregate, may include official, semi-official, estimated or calculated data",""
"TP","Crops and livestock products","5000","World","5610","Import Quantity","767","Cotton lint","2010","2010","tonnes","7771405","A","Aggregate, may include official, semi-official, estimated or calculated data",""
"TP","Crops and livestock products","5000","World","5610","Import Quantity","767","Cotton lint","2011","2011","tonnes","7859687","A","Aggregate, may include official, semi-official, estimated or calculated data",""
"TP","Crops and livestock products","5000","World","5610","Import Quantity","767","Cotton lint","2012","2012","tonnes","9778444","A","Aggregate, may include official, semi-official, estimated or calculated data",""
"TP","Crops and livestock products","5000","World","5610","Import Quantity","767","Cotton lint","2013","2013","tonnes","9406659","A","Aggregate, may include official, semi-official, estimated or calculated data",""
"TP","Crops and livestock products","5000","World","5610","Import Quantity","767","Cotton lint","2014","2014","tonnes","7795450","A","Aggregate, may include official, semi-official, estimated or calculated data",""
"TP","Crops and livestock products","5000","World","5610","Import Quantity","767","Cotton lint","2015","2015","tonnes","7669025","A","Aggregate, may include official, semi-official, estimated or calculated data",""
"TP","Crops and livestock products","5000","World","5610","Import Quantity","767","Cotton lint","2016","2016","tonnes","6431517","A","Aggregate, may include official, semi-official, estimated or calculated data",""
"TP","Crops and livestock products","5000","World","5610","Import Quantity","767","Cotton lint","2017","2017","tonnes","7356826","A","Aggregate, may include official, semi-official, estimated or calculated data",""
"TP","Crops and livestock products","5000","World","5610","Import Quantity","329","Cottonseed","1961","1961","tonnes","336931","A","Aggregate, may include official, semi-official, estimated or calculated data",""
"TP","Crops and livestock products","5000","World","5610","Import Quantity","329","Cottonseed","1962","1962","tonnes","472805","A","Aggregate, may include official, semi-official, estimated or calculated data",""
"TP","Crops and livestock products","5000","World","5610","Import Quantity","329","Cottonseed","1963","1963","tonnes","521642","A","Aggregate, may include official, semi-official, estimated or calculated data",""
"TP","Crops and livestock products","5000","World","5610","Import Quantity","329","Cottonseed","1964","1964","tonnes","397029","A","Aggregate, may include official, semi-official, estimated or calculated data",""
"TP","Crops and livestock products","5000","World","5610","Import Quantity","329","Cottonseed","1965","1965","tonnes","458455","A","Aggregate, may include official, semi-official, estimated or calculated data",""
"TP","Crops and livestock products","5000","World","5610","Import Quantity","329","Cottonseed","1966","1966","tonnes","402311","A","Aggregate, may include official, semi-official, estimated or calculated data",""
"TP","Crops and livestock products","5000","World","5610","Import Quantity","329","Cottonseed","1967","1967","tonnes","328978","A","Aggregate, may include official, semi-official, estimated or calculated data",""
"TP","Crops and livestock products","5000","World","5610","Import Quantity","329","Cottonseed","1968","1968","tonnes","368797","A","Aggregate, may include official, semi-official, estimated or calculated data",""
"TP","Crops and livestock products","5000","World","5610","Import Quantity","329","Cottonseed","1969","1969","tonnes","424739","A","Aggregate, may include official, semi-official, estimated or calculated data",""
"TP","Crops and livestock products","5000","World","5610","Import Quantity","329","Cottonseed","1970","1970","tonnes","478803","A","Aggregate, may include official, semi-official, estimated or calculated data",""
"TP","Crops and livestock products","5000","World","5610","Import Quantity","329","Cottonseed","1971","1971","tonnes","417576","A","Aggregate, may include official, semi-official, estimated or calculated data",""
"TP","Crops and livestock products","5000","World","5610","Import Quantity","329","Cottonseed","1972","1972","tonnes","358759","A","Aggregate, may include official, semi-official, estimated or calculated data",""
"TP","Crops and livestock products","5000","World","5610","Import Quantity","329","Cottonseed","1973","1973","tonnes","274593","A","Aggregate, may include official, semi-official, estimated or calculated data",""
"TP","Crops and livestock products","5000","World","5610","Import Quantity","329","Cottonseed","1974","1974","tonnes","268499","A","Aggregate, may include official, semi-official, estimated or calculated data",""
"TP","Crops and livestock products","5000","World","5610","Import Quantity","329","Cottonseed","1975","1975","tonnes","222357","A","Aggregate, may include official, semi-official, estimated or calculated data",""
"TP","Crops and livestock products","5000","World","5610","Import Quantity","329","Cottonseed","1976","1976","tonnes","266000","A","Aggregate, may include official, semi-official, estimated or calculated data",""
"TP","Crops and livestock products","5000","World","5610","Import Quantity","329","Cottonseed","1977","1977","tonnes","207364","A","Aggregate, may include official, semi-official, estimated or calculated data",""
"TP","Crops and livestock products","5000","World","5610","Import Quantity","329","Cottonseed","1978","1978","tonnes","173792","A","Aggregate, may include official, semi-official, estimated or calculated data",""
"TP","Crops and livestock products","5000","World","5610","Import Quantity","329","Cottonseed","1979","1979","tonnes","115414","A","Aggregate, may include official, semi-official, estimated or calculated data",""
"TP","Crops and livestock products","5000","World","5610","Import Quantity","329","Cottonseed","1980","1980","tonnes","295595","A","Aggregate, may include official, semi-official, estimated or calculated data",""
"TP","Crops and livestock products","5000","World","5610","Import Quantity","329","Cottonseed","1981","1981","tonnes","128071","A","Aggregate, may include official, semi-official, estimated or calculated data",""
"TP","Crops and livestock products","5000","World","5610","Import Quantity","329","Cottonseed","1982","1982","tonnes","126628","A","Aggregate, may include official, semi-official, estimated or calculated data",""
"TP","Crops and livestock products","5000","World","5610","Import Quantity","329","Cottonseed","1983","1983","tonnes","152608","A","Aggregate, may include official, semi-official, estimated or calculated data",""
"TP","Crops and livestock products","5000","World","5610","Import Quantity","329","Cottonseed","1984","1984","tonnes","201794","A","Aggregate, may include official, semi-official, estimated or calculated data",""
"TP","Crops and livestock products","5000","World","5610","Import Quantity","329","Cottonseed","1985","1985","tonnes","272169","A","Aggregate, may include official, semi-official, estimated or calculated data",""
"TP","Crops and livestock products","5000","World","5610","Import Quantity","329","Cottonseed","1986","1986","tonnes","240168","A","Aggregate, may include official, semi-official, estimated or calculated data",""
"TP","Crops and livestock products","5000","World","5610","Import Quantity","329","Cottonseed","1987","1987","tonnes","303175","A","Aggregate, may include official, semi-official, estimated or calculated data",""
"TP","Crops and livestock products","5000","World","5610","Import Quantity","329","Cottonseed","1988","1988","tonnes","325070","A","Aggregate, may include official, semi-official, estimated or calculated data",""
"TP","Crops and livestock products","5000","World","5610","Import Quantity","329","Cottonseed","1989","1989","tonnes","368263","A","Aggregate, may include official, semi-official, estimated or calculated data",""
"TP","Crops and livestock products","5000","World","5610","Import Quantity","329","Cottonseed","1990","1990","tonnes","387388","A","Aggregate, may include official, semi-official, estimated or calculated data",""
"TP","Crops and livestock products","5000","World","5610","Import Quantity","329","Cottonseed","1991","1991","tonnes","422300","A","Aggregate, may include official, semi-official, estimated or calculated data",""
"TP","Crops and livestock products","5000","World","5610","Import Quantity","329","Cottonseed","1992","1992","tonnes","682687","A","Aggregate, may include official, semi-official, estimated or calculated data",""
"TP","Crops and livestock products","5000","World","5610","Import Quantity","329","Cottonseed","1993","1993","tonnes","758463","A","Aggregate, may include official, semi-official, estimated or calculated data",""
"TP","Crops and livestock products","5000","World","5610","Import Quantity","329","Cottonseed","1994","1994","tonnes","801660","A","Aggregate, may include official, semi-official, estimated or calculated data",""
"TP","Crops and livestock products","5000","World","5610","Import Quantity","329","Cottonseed","1995","1995","tonnes","730417","A","Aggregate, may include official, semi-official, estimated or calculated data",""
"TP","Crops and livestock products","5000","World","5610","Import Quantity","329","Cottonseed","1996","1996","tonnes","683044","A","Aggregate, may include official, semi-official, estimated or calculated data",""
"TP","Crops and livestock products","5000","World","5610","Import Quantity","329","Cottonseed","1997","1997","tonnes","846160","A","Aggregate, may include official, semi-official, estimated or calculated data",""
"TP","Crops and livestock products","5000","World","5610","Import Quantity","329","Cottonseed","1998","1998","tonnes","971020","A","Aggregate, may include official, semi-official, estimated or calculated data",""
"TP","Crops and livestock products","5000","World","5610","Import Quantity","329","Cottonseed","1999","1999","tonnes","1043118","A","Aggregate, may include official, semi-official, estimated or calculated data",""
"TP","Crops and livestock products","5000","World","5610","Import Quantity","329","Cottonseed","2000","2000","tonnes","1430182","A","Aggregate, may include official, semi-official, estimated or calculated data",""
"TP","Crops and livestock products","5000","World","5610","Import Quantity","329","Cottonseed","2001","2001","tonnes","1376947","A","Aggregate, may include official, semi-official, estimated or calculated data",""
"TP","Crops and livestock products","5000","World","5610","Import Quantity","329","Cottonseed","2002","2002","tonnes","1311760","A","Aggregate, may include official, semi-official, estimated or calculated data",""
"TP","Crops and livestock products","5000","World","5610","Import Quantity","329","Cottonseed","2003","2003","tonnes","997587","A","Aggregate, may include official, semi-official, estimated or calculated data",""
"TP","Crops and livestock products","5000","World","5610","Import Quantity","329","Cottonseed","2004","2004","tonnes","1143453","A","Aggregate, may include official, semi-official, estimated or calculated data",""
"TP","Crops and livestock products","5000","World","5610","Import Quantity","329","Cottonseed","2005","2005","tonnes","1321549","A","Aggregate, may include official, semi-official, estimated or calculated data",""
"TP","Crops and livestock products","5000","World","5610","Import Quantity","329","Cottonseed","2006","2006","tonnes","1279081","A","Aggregate, may include official, semi-official, estimated or calculated data",""
"TP","Crops and livestock products","5000","World","5610","Import Quantity","329","Cottonseed","2007","2007","tonnes","1022631","A","Aggregate, may include official, semi-official, estimated or calculated data",""
"TP","Crops and livestock products","5000","World","5610","Import Quantity","329","Cottonseed","2008","2008","tonnes","827295","A","Aggregate, may include official, semi-official, estimated or calculated data",""
"TP","Crops and livestock products","5000","World","5610","Import Quantity","329","Cottonseed","2009","2009","tonnes","728531","A","Aggregate, may include official, semi-official, estimated or calculated data",""
"TP","Crops and livestock products","5000","World","5610","Import Quantity","329","Cottonseed","2010","2010","tonnes","829622","A","Aggregate, may include official, semi-official, estimated or calculated data",""
"TP","Crops and livestock products","5000","World","5610","Import Quantity","329","Cottonseed","2011","2011","tonnes","1121504","A","Aggregate, may include official, semi-official, estimated or calculated data",""
"TP","Crops and livestock products","5000","World","5610","Import Quantity","329","Cottonseed","2012","2012","tonnes","1471191","A","Aggregate, may include official, semi-official, estimated or calculated data",""
"TP","Crops and livestock products","5000","World","5610","Import Quantity","329","Cottonseed","2013","2013","tonnes","1222518","A","Aggregate, may include official, semi-official, estimated or calculated data",""
"TP","Crops and livestock products","5000","World","5610","Import Quantity","329","Cottonseed","2014","2014","tonnes","1159356","A","Aggregate, may include official, semi-official, estimated or calculated data",""
"TP","Crops and livestock products","5000","World","5610","Import Quantity","329","Cottonseed","2015","2015","tonnes","821343","A","Aggregate, may include official, semi-official, estimated or calculated data",""
"TP","Crops and livestock products","5000","World","5610","Import Quantity","329","Cottonseed","2016","2016","tonnes","953306","A","Aggregate, may include official, semi-official, estimated or calculated data",""
"TP","Crops and livestock products","5000","World","5610","Import Quantity","329","Cottonseed","2017","2017","tonnes","1115076","A","Aggregate, may include official, semi-official, estimated or calculated data",""
"TP","Crops and livestock products","5000","World","5610","Import Quantity","257","Oil, palm","1961","1961","tonnes","645590","A","Aggregate, may include official, semi-official, estimated or calculated data",""
"TP","Crops and livestock products","5000","World","5610","Import Quantity","257","Oil, palm","1962","1962","tonnes","538119","A","Aggregate, may include official, semi-official, estimated or calculated data",""
"TP","Crops and livestock products","5000","World","5610","Import Quantity","257","Oil, palm","1963","1963","tonnes","586693","A","Aggregate, may include official, semi-official, estimated or calculated data",""
"TP","Crops and livestock products","5000","World","5610","Import Quantity","257","Oil, palm","1964","1964","tonnes","608845","A","Aggregate, may include official, semi-official, estimated or calculated data",""
"TP","Crops and livestock products","5000","World","5610","Import Quantity","257","Oil, palm","1965","1965","tonnes","584367","A","Aggregate, may include official, semi-official, estimated or calculated data",""
"TP","Crops and livestock products","5000","World","5610","Import Quantity","257","Oil, palm","1966","1966","tonnes","682355","A","Aggregate, may include official, semi-official, estimated or calculated data",""
"TP","Crops and livestock products","5000","World","5610","Import Quantity","257","Oil, palm","1967","1967","tonnes","626372","A","Aggregate, may include official, semi-official, estimated or calculated data",""
"TP","Crops and livestock products","5000","World","5610","Import Quantity","257","Oil, palm","1968","1968","tonnes","672920","A","Aggregate, may include official, semi-official, estimated or calculated data",""
"TP","Crops and livestock products","5000","World","5610","Import Quantity","257","Oil, palm","1969","1969","tonnes","856682","A","Aggregate, may include official, semi-official, estimated or calculated data",""
"TP","Crops and livestock products","5000","World","5610","Import Quantity","257","Oil, palm","1970","1970","tonnes","923372","A","Aggregate, may include official, semi-official, estimated or calculated data",""
"TP","Crops and livestock products","5000","World","5610","Import Quantity","257","Oil, palm","1971","1971","tonnes","1209928","A","Aggregate, may include official, semi-official, estimated or calculated data",""
"TP","Crops and livestock products","5000","World","5610","Import Quantity","257","Oil, palm","1972","1972","tonnes","1371772","A","Aggregate, may include official, semi-official, estimated or calculated data",""
"TP","Crops and livestock products","5000","World","5610","Import Quantity","257","Oil, palm","1973","1973","tonnes","1549575","A","Aggregate, may include official, semi-official, estimated or calculated data",""
"TP","Crops and livestock products","5000","World","5610","Import Quantity","257","Oil, palm","1974","1974","tonnes","1559779","A","Aggregate, may include official, semi-official, estimated or calculated data",""
"TP","Crops and livestock products","5000","World","5610","Import Quantity","257","Oil, palm","1975","1975","tonnes","1883359","A","Aggregate, may include official, semi-official, estimated or calculated data",""
"TP","Crops and livestock products","5000","World","5610","Import Quantity","257","Oil, palm","1976","1976","tonnes","2019271","A","Aggregate, may include official, semi-official, estimated or calculated data",""
"TP","Crops and livestock products","5000","World","5610","Import Quantity","257","Oil, palm","1977","1977","tonnes","2471179","A","Aggregate, may include official, semi-official, estimated or calculated data",""
"TP","Crops and livestock products","5000","World","5610","Import Quantity","257","Oil, palm","1978","1978","tonnes","2319667","A","Aggregate, may include official, semi-official, estimated or calculated data",""
"TP","Crops and livestock products","5000","World","5610","Import Quantity","257","Oil, palm","1979","1979","tonnes","2703016","A","Aggregate, may include official, semi-official, estimated or calculated data",""
"TP","Crops and livestock products","5000","World","5610","Import Quantity","257","Oil, palm","1980","1980","tonnes","3411586","A","Aggregate, may include official, semi-official, estimated or calculated data",""
"TP","Crops and livestock products","5000","World","5610","Import Quantity","257","Oil, palm","1981","1981","tonnes","3223574","A","Aggregate, may include official, semi-official, estimated or calculated data",""
"TP","Crops and livestock products","5000","World","5610","Import Quantity","257","Oil, palm","1982","1982","tonnes","3688055","A","Aggregate, may include official, semi-official, estimated or calculated data",""
"TP","Crops and livestock products","5000","World","5610","Import Quantity","257","Oil, palm","1983","1983","tonnes","3918362","A","Aggregate, may include official, semi-official, estimated or calculated data",""
"TP","Crops and livestock products","5000","World","5610","Import Quantity","257","Oil, palm","1984","1984","tonnes","3902161","A","Aggregate, may include official, semi-official, estimated or calculated data",""
"TP","Crops and livestock products","5000","World","5610","Import Quantity","257","Oil, palm","1985","1985","tonnes","4874999","A","Aggregate, may include official, semi-official, estimated or calculated data",""
"TP","Crops and livestock products","5000","World","5610","Import Quantity","257","Oil, palm","1986","1986","tonnes","6004806","A","Aggregate, may include official, semi-official, estimated or calculated data",""
"TP","Crops and livestock products","5000","World","5610","Import Quantity","257","Oil, palm","1987","1987","tonnes","5804379","A","Aggregate, may include official, semi-official, estimated or calculated data",""
"TP","Crops and livestock products","5000","World","5610","Import Quantity","257","Oil, palm","1988","1988","tonnes","5739452","A","Aggregate, may include official, semi-official, estimated or calculated data",""
"TP","Crops and livestock products","5000","World","5610","Import Quantity","257","Oil, palm","1989","1989","tonnes","6647650","A","Aggregate, may include official, semi-official, estimated or calculated data",""
"TP","Crops and livestock products","5000","World","5610","Import Quantity","257","Oil, palm","1990","1990","tonnes","7847017","A","Aggregate, may include official, semi-official, estimated or calculated data",""
"TP","Crops and livestock products","5000","World","5610","Import Quantity","257","Oil, palm","1991","1991","tonnes","7730471","A","Aggregate, may include official, semi-official, estimated or calculated data",""
"TP","Crops and livestock products","5000","World","5610","Import Quantity","257","Oil, palm","1992","1992","tonnes","7722587","A","Aggregate, may include official, semi-official, estimated or calculated data",""
"TP","Crops and livestock products","5000","World","5610","Import Quantity","257","Oil, palm","1993","1993","tonnes","8338060","A","Aggregate, may include official, semi-official, estimated or calculated data",""
"TP","Crops and livestock products","5000","World","5610","Import Quantity","257","Oil, palm","1994","1994","tonnes","9713230","A","Aggregate, may include official, semi-official, estimated or calculated data",""
"TP","Crops and livestock products","5000","World","5610","Import Quantity","257","Oil, palm","1995","1995","tonnes","9619174","A","Aggregate, may include official, semi-official, estimated or calculated data",""
"TP","Crops and livestock products","5000","World","5610","Import Quantity","257","Oil, palm","1996","1996","tonnes","9699994","A","Aggregate, may include official, semi-official, estimated or calculated data",""
"TP","Crops and livestock products","5000","World","5610","Import Quantity","257","Oil, palm","1997","1997","tonnes","9906528","A","Aggregate, may include official, semi-official, estimated or calculated data",""
"TP","Crops and livestock products","5000","World","5610","Import Quantity","257","Oil, palm","1998","1998","tonnes","10356906","A","Aggregate, may include official, semi-official, estimated or calculated data",""
"TP","Crops and livestock products","5000","World","5610","Import Quantity","257","Oil, palm","1999","1999","tonnes","11935890","A","Aggregate, may include official, semi-official, estimated or calculated data",""
"TP","Crops and livestock products","5000","World","5610","Import Quantity","257","Oil, palm","2000","2000","tonnes","13357780","A","Aggregate, may include official, semi-official, estimated or calculated data",""
"TP","Crops and livestock products","5000","World","5610","Import Quantity","257","Oil, palm","2001","2001","tonnes","15347143","A","Aggregate, may include official, semi-official, estimated or calculated data",""
"TP","Crops and livestock products","5000","World","5610","Import Quantity","257","Oil, palm","2002","2002","tonnes","17432800","A","Aggregate, may include official, semi-official, estimated or calculated data",""
"TP","Crops and livestock products","5000","World","5610","Import Quantity","257","Oil, palm","2003","2003","tonnes","20468237","A","Aggregate, may include official, semi-official, estimated or calculated data",""
"TP","Crops and livestock products","5000","World","5610","Import Quantity","257","Oil, palm","2004","2004","tonnes","23396365","A","Aggregate, may include official, semi-official, estimated or calculated data",""
"TP","Crops and livestock products","5000","World","5610","Import Quantity","257","Oil, palm","2005","2005","tonnes","25203784","A","Aggregate, may include official, semi-official, estimated or calculated data",""
"TP","Crops and livestock products","5000","World","5610","Import Quantity","257","Oil, palm","2006","2006","tonnes","28856544","A","Aggregate, may include official, semi-official, estimated or calculated data",""
"TP","Crops and livestock products","5000","World","5610","Import Quantity","257","Oil, palm","2007","2007","tonnes","27118117","A","Aggregate, may include official, semi-official, estimated or calculated data",""
"TP","Crops and livestock products","5000","World","5610","Import Quantity","257","Oil, palm","2008","2008","tonnes","32748988","A","Aggregate, may include official, semi-official, estimated or calculated data",""
"TP","Crops and livestock products","5000","World","5610","Import Quantity","257","Oil, palm","2009","2009","tonnes","34905595","A","Aggregate, may include official, semi-official, estimated or calculated data",""
"TP","Crops and livestock products","5000","World","5610","Import Quantity","257","Oil, palm","2010","2010","tonnes","34391338","A","Aggregate, may include official, semi-official, estimated or calculated data",""
"TP","Crops and livestock products","5000","World","5610","Import Quantity","257","Oil, palm","2011","2011","tonnes","36599149","A","Aggregate, may include official, semi-official, estimated or calculated data",""
"TP","Crops and livestock products","5000","World","5610","Import Quantity","257","Oil, palm","2012","2012","tonnes","40022334","A","Aggregate, may include official, semi-official, estimated or calculated data",""
"TP","Crops and livestock products","5000","World","5610","Import Quantity","257","Oil, palm","2013","2013","tonnes","43862830","A","Aggregate, may include official, semi-official, estimated or calculated data",""
"TP","Crops and livestock products","5000","World","5610","Import Quantity","257","Oil, palm","2014","2014","tonnes","42755366","A","Aggregate, may include official, semi-official, estimated or calculated data",""
"TP","Crops and livestock products","5000","World","5610","Import Quantity","257","Oil, palm","2015","2015","tonnes","46984704","A","Aggregate, may include official, semi-official, estimated or calculated data",""
"TP","Crops and livestock products","5000","World","5610","Import Quantity","257","Oil, palm","2016","2016","tonnes","42027016","A","Aggregate, may include official, semi-official, estimated or calculated data",""
"TP","Crops and livestock products","5000","World","5610","Import Quantity","257","Oil, palm","2017","2017","tonnes","47207264","A","Aggregate, may include official, semi-official, estimated or calculated data",""
"TP","Crops and livestock products","5000","World","5610","Import Quantity","836","Rubber, natural","1961","1961","tonnes","153237","A","Aggregate, may include official, semi-official, estimated or calculated data",""
"TP","Crops and livestock products","5000","World","5610","Import Quantity","836","Rubber, natural","1962","1962","tonnes","170894","A","Aggregate, may include official, semi-official, estimated or calculated data",""
"TP","Crops and livestock products","5000","World","5610","Import Quantity","836","Rubber, natural","1963","1963","tonnes","166876","A","Aggregate, may include official, semi-official, estimated or calculated data",""
"TP","Crops and livestock products","5000","World","5610","Import Quantity","836","Rubber, natural","1964","1964","tonnes","184123","A","Aggregate, may include official, semi-official, estimated or calculated data",""
"TP","Crops and livestock products","5000","World","5610","Import Quantity","836","Rubber, natural","1965","1965","tonnes","184163","A","Aggregate, may include official, semi-official, estimated or calculated data",""
"TP","Crops and livestock products","5000","World","5610","Import Quantity","836","Rubber, natural","1966","1966","tonnes","190954","A","Aggregate, may include official, semi-official, estimated or calculated data",""
"TP","Crops and livestock products","5000","World","5610","Import Quantity","836","Rubber, natural","1967","1967","tonnes","204483","A","Aggregate, may include official, semi-official, estimated or calculated data",""
"TP","Crops and livestock products","5000","World","5610","Import Quantity","836","Rubber, natural","1968","1968","tonnes","229142","A","Aggregate, may include official, semi-official, estimated or calculated data",""
"TP","Crops and livestock products","5000","World","5610","Import Quantity","836","Rubber, natural","1969","1969","tonnes","241243","A","Aggregate, may include official, semi-official, estimated or calculated data",""
"TP","Crops and livestock products","5000","World","5610","Import Quantity","836","Rubber, natural","1970","1970","tonnes","241380","A","Aggregate, may include official, semi-official, estimated or calculated data",""
"TP","Crops and livestock products","5000","World","5610","Import Quantity","836","Rubber, natural","1971","1971","tonnes","248735","A","Aggregate, may include official, semi-official, estimated or calculated data",""
"TP","Crops and livestock products","5000","World","5610","Import Quantity","836","Rubber, natural","1972","1972","tonnes","263497","A","Aggregate, may include official, semi-official, estimated or calculated data",""
"TP","Crops and livestock products","5000","World","5610","Import Quantity","836","Rubber, natural","1973","1973","tonnes","247425","A","Aggregate, may include official, semi-official, estimated or calculated data",""
"TP","Crops and livestock products","5000","World","5610","Import Quantity","836","Rubber, natural","1974","1974","tonnes","232035","A","Aggregate, may include official, semi-official, estimated or calculated data",""
"TP","Crops and livestock products","5000","World","5610","Import Quantity","836","Rubber, natural","1975","1975","tonnes","207226","A","Aggregate, may include official, semi-official, estimated or calculated data",""
"TP","Crops and livestock products","5000","World","5610","Import Quantity","836","Rubber, natural","1976","1976","tonnes","232163","A","Aggregate, may include official, semi-official, estimated or calculated data",""
"TP","Crops and livestock products","5000","World","5610","Import Quantity","836","Rubber, natural","1977","1977","tonnes","235474","A","Aggregate, may include official, semi-official, estimated or calculated data",""
"TP","Crops and livestock products","5000","World","5610","Import Quantity","836","Rubber, natural","1978","1978","tonnes","223202","A","Aggregate, may include official, semi-official, estimated or calculated data",""
"TP","Crops and livestock products","5000","World","5610","Import Quantity","836","Rubber, natural","1979","1979","tonnes","236617","A","Aggregate, may include official, semi-official, estimated or calculated data",""
"TP","Crops and livestock products","5000","World","5610","Import Quantity","836","Rubber, natural","1980","1980","tonnes","214729","A","Aggregate, may include official, semi-official, estimated or calculated data",""
"TP","Crops and livestock products","5000","World","5610","Import Quantity","836","Rubber, natural","1981","1981","tonnes","226720","A","Aggregate, may include official, semi-official, estimated or calculated data",""
"TP","Crops and livestock products","5000","World","5610","Import Quantity","836","Rubber, natural","1982","1982","tonnes","219508","A","Aggregate, may include official, semi-official, estimated or calculated data",""
"TP","Crops and livestock products","5000","World","5610","Import Quantity","836","Rubber, natural","1983","1983","tonnes","239945","A","Aggregate, may include official, semi-official, estimated or calculated data",""
"TP","Crops and livestock products","5000","World","5610","Import Quantity","836","Rubber, natural","1984","1984","tonnes","242146","A","Aggregate, may include official, semi-official, estimated or calculated data",""
"TP","Crops and livestock products","5000","World","5610","Import Quantity","836","Rubber, natural","1985","1985","tonnes","243373","A","Aggregate, may include official, semi-official, estimated or calculated data",""
"TP","Crops and livestock products","5000","World","5610","Import Quantity","836","Rubber, natural","1986","1986","tonnes","273464","A","Aggregate, may include official, semi-official, estimated or calculated data",""
"TP","Crops and livestock products","5000","World","5610","Import Quantity","836","Rubber, natural","1987","1987","tonnes","299451","A","Aggregate, may include official, semi-official, estimated or calculated data",""
"TP","Crops and livestock products","5000","World","5610","Import Quantity","836","Rubber, natural","1988","1988","tonnes","405911","A","Aggregate, may include official, semi-official, estimated or calculated data",""
"TP","Crops and livestock products","5000","World","5610","Import Quantity","836","Rubber, natural","1989","1989","tonnes","426494","A","Aggregate, may include official, semi-official, estimated or calculated data",""
"TP","Crops and livestock products","5000","World","5610","Import Quantity","836","Rubber, natural","1990","1990","tonnes","316179","A","Aggregate, may include official, semi-official, estimated or calculated data",""
"TP","Crops and livestock products","5000","World","5610","Import Quantity","836","Rubber, natural","1991","1991","tonnes","346425","A","Aggregate, may include official, semi-official, estimated or calculated data",""
"TP","Crops and livestock products","5000","World","5610","Import Quantity","836","Rubber, natural","1992","1992","tonnes","356581","A","Aggregate, may include official, semi-official, estimated or calculated data",""
"TP","Crops and livestock products","5000","World","5610","Import Quantity","836","Rubber, natural","1993","1993","tonnes","384514","A","Aggregate, may include official, semi-official, estimated or calculated data",""
"TP","Crops and livestock products","5000","World","5610","Import Quantity","836","Rubber, natural","1994","1994","tonnes","390487","A","Aggregate, may include official, semi-official, estimated or calculated data",""
"TP","Crops and livestock products","5000","World","5610","Import Quantity","836","Rubber, natural","1995","1995","tonnes","457059","A","Aggregate, may include official, semi-official, estimated or calculated data",""
"TP","Crops and livestock products","5000","World","5610","Import Quantity","836","Rubber, natural","1996","1996","tonnes","524454","A","Aggregate, may include official, semi-official, estimated or calculated data",""
"TP","Crops and livestock products","5000","World","5610","Import Quantity","836","Rubber, natural","1997","1997","tonnes","495835","A","Aggregate, may include official, semi-official, estimated or calculated data",""
"TP","Crops and livestock products","5000","World","5610","Import Quantity","836","Rubber, natural","1998","1998","tonnes","644898","A","Aggregate, may include official, semi-official, estimated or calculated data",""
"TP","Crops and livestock products","5000","World","5610","Import Quantity","836","Rubber, natural","1999","1999","tonnes","733174","A","Aggregate, may include official, semi-official, estimated or calculated data",""
"TP","Crops and livestock products","5000","World","5610","Import Quantity","836","Rubber, natural","2000","2000","tonnes","1042951","A","Aggregate, may include official, semi-official, estimated or calculated data",""
"TP","Crops and livestock products","5000","World","5610","Import Quantity","836","Rubber, natural","2001","2001","tonnes","992990","A","Aggregate, may include official, semi-official, estimated or calculated data",""
"TP","Crops and livestock products","5000","World","5610","Import Quantity","836","Rubber, natural","2002","2002","tonnes","934629","A","Aggregate, may include official, semi-official, estimated or calculated data",""
"TP","Crops and livestock products","5000","World","5610","Import Quantity","836","Rubber, natural","2003","2003","tonnes","917623","A","Aggregate, may include official, semi-official, estimated or calculated data",""
"TP","Crops and livestock products","5000","World","5610","Import Quantity","836","Rubber, natural","2004","2004","tonnes","1056492","A","Aggregate, may include official, semi-official, estimated or calculated data",""
"TP","Crops and livestock products","5000","World","5610","Import Quantity","836","Rubber, natural","2005","2005","tonnes","1002099","A","Aggregate, may include official, semi-official, estimated or calculated data",""
"TP","Crops and livestock products","5000","World","5610","Import Quantity","836","Rubber, natural","2006","2006","tonnes","1124669","A","Aggregate, may include official, semi-official, estimated or calculated data",""
"TP","Crops and livestock products","5000","World","5610","Import Quantity","836","Rubber, natural","2007","2007","tonnes","1204584","A","Aggregate, may include official, semi-official, estimated or calculated data",""
"TP","Crops and livestock products","5000","World","5610","Import Quantity","836","Rubber, natural","2008","2008","tonnes","1145247","A","Aggregate, may include official, semi-official, estimated or calculated data",""
"TP","Crops and livestock products","5000","World","5610","Import Quantity","836","Rubber, natural","2009","2009","tonnes","1104422","A","Aggregate, may include official, semi-official, estimated or calculated data",""
"TP","Crops and livestock products","5000","World","5610","Import Quantity","836","Rubber, natural","2010","2010","tonnes","1027962","A","Aggregate, may include official, semi-official, estimated or calculated data",""
"TP","Crops and livestock products","5000","World","5610","Import Quantity","836","Rubber, natural","2011","2011","tonnes","975316","A","Aggregate, may include official, semi-official, estimated or calculated data",""
"TP","Crops and livestock products","5000","World","5610","Import Quantity","836","Rubber, natural","2012","2012","tonnes","1032232","A","Aggregate, may include official, semi-official, estimated or calculated data",""
"TP","Crops and livestock products","5000","World","5610","Import Quantity","836","Rubber, natural","2013","2013","tonnes","1094304","A","Aggregate, may include official, semi-official, estimated or calculated data",""
"TP","Crops and livestock products","5000","World","5610","Import Quantity","836","Rubber, natural","2014","2014","tonnes","1263542","A","Aggregate, may include official, semi-official, estimated or calculated data",""
"TP","Crops and livestock products","5000","World","5610","Import Quantity","836","Rubber, natural","2015","2015","tonnes","1156928","A","Aggregate, may include official, semi-official, estimated or calculated data",""
"TP","Crops and livestock products","5000","World","5610","Import Quantity","836","Rubber, natural","2016","2016","tonnes","1175368","A","Aggregate, may include official, semi-official, estimated or calculated data",""
"TP","Crops and livestock products","5000","World","5610","Import Quantity","836","Rubber, natural","2017","2017","tonnes","1268011","A","Aggregate, may include official, semi-official, estimated or calculated data",""
